Source File	Size	loadResources	load-configure	scan	loadDepInfo	loadInfo	load	generateSnapshots	checkR4R4B	generateNarratives	validate	loadLists	checkConformanceResources	checkConformanceResources2	checkConformanceResources3	generateLogicalMaps	validateExpressions	scanForUsageStats	checkURLsUnique	processProvenanceDetails	generate1	generate2	generateLogicals	makeDependencies	generateExampleZip	generateValidationPack	scanProfilesForR5	scanExamplesForR5
/fsh-generated/resources/ImplementationGuide-who.fhir.immunization.json	60061	-	0	0	0	0	0	0	12	1064	0	0	0	0	0	0	0	1	0	0	528	385	0	0	0	17	0	2
input/resources/activitydefinition/IMMZ.DT.16.Meningococcal.01.json	1103	6	1	0	0	1	0	0	1	71	0	0	0	0	0	0	0	0	0	0	11	24	0	0	0	0	0	0
input/resources/activitydefinition/IMMZ.DT.01.BCG.01.json	2449	6	0	0	0	0	0	0	0	27	0	0	0	0	0	0	0	0	0	0	20	17	0	0	0	1	0	0
input/resources/activitydefinition/IMMZ.DT.19.Dengue.03.json	1059	4	0	0	0	0	0	0	0	16	0	0	0	0	0	0	0	0	0	0	9	14	0	0	0	0	0	0
input/resources/activitydefinition/IMMZ.DT.20.Mumps.02.json	1050	4	0	0	0	0	0	0	0	27	0	0	0	0	0	0	0	0	0	0	10	14	0	0	0	0	0	0
input/resources/activitydefinition/IMMZ.DT.15.Cholera.07.json	1091	4	0	0	0	0	0	0	0	15	0	0	0	0	0	0	0	1	0	0	9	13	0	0	1	0	0	0
input/resources/activitydefinition/IMMZ.DT.15.Cholera.04.json	1074	3	1	0	0	0	0	0	0	19	0	0	0	0	0	0	0	0	0	0	9	13	0	0	0	0	0	0
input/resources/activitydefinition/IMMZ.DT.18.Rabies.02.json	1057	4	0	0	0	0	0	0	0	29	0	0	0	0	0	0	0	0	0	0	10	14	0	0	0	1	0	0
input/resources/activitydefinition/IMMZ.DT.02.HepatitisB.CR.json	2388	6	0	0	0	0	0	0	0	23	0	0	0	0	0	0	0	0	0	0	19	16	0	0	0	0	0	0
input/resources/activitydefinition/IMMZ.DT.17.HepatitisA.01.json	1109	3	0	0	0	0	0	0	1	11	0	0	0	0	0	0	0	0	0	0	10	14	0	0	0	0	0	0
input/resources/activitydefinition/IMMZ.DT.17.HepatitisA.03.json	1104	4	0	0	0	0	0	0	0	10	0	0	0	0	0	0	0	0	0	0	10	13	0	0	0	0	0	0
input/resources/activitydefinition/IMMZ.DT.22.Varicella.02.json	1074	4	0	0	0	0	0	0	0	10	0	0	0	0	0	0	0	0	0	0	9	15	0	0	0	0	0	0
input/resources/activitydefinition/IMMZ.DT.13.TBE.01.json	3053	6	0	0	0	0	0	0	0	38	0	0	0	0	0	0	0	0	0	0	24	19	0	0	0	1	0	0
input/resources/activitydefinition/IMMZ.DT.11.JE.01.json	2544	6	0	0	0	0	0	0	0	37	0	0	0	0	0	0	0	0	0	0	20	17	0	0	0	0	0	0
input/resources/activitydefinition/IMMZ.DT.18.Rabies.01.json	1058	4	1	0	0	0	0	0	0	13	0	0	0	0	0	0	0	0	0	0	9	13	0	0	0	0	0	0
input/resources/activitydefinition/IMMZ.DT.21.SeasonalInfluenza.01.json	1117	4	0	0	0	0	0	0	0	15	0	0	0	0	0	0	0	0	0	0	10	13	0	0	0	0	0	0
input/resources/activitydefinition/IMMZ.DT.18.Rabies.05.json	1067	4	0	0	0	0	0	0	0	11	0	0	0	0	0	0	0	0	0	0	9	14	0	0	0	0	0	0
input/resources/activitydefinition/IMMZ.DT.18.Rabies.03.json	1055	3	0	0	0	0	0	0	0	12	0	0	0	0	0	0	0	0	0	0	9	13	0	0	0	0	0	0
input/resources/activitydefinition/IMMZ.DT.16.Meningococcal.11.json	1120	4	0	0	0	0	0	0	1	12	0	0	0	0	0	0	0	0	0	0	10	12	0	0	0	1	0	0
input/resources/activitydefinition/IMMZ.DT.02.HepatitisB.01.json	3055	7	0	0	0	0	0	0	0	52	0	0	0	0	0	0	0	0	0	0	24	15	0	0	0	0	0	0
input/resources/activitydefinition/IMMZ.DT.15.Cholera.12.json	1076	3	0	0	0	0	0	0	0	8	0	0	0	0	0	0	0	0	0	0	10	10	0	0	0	0	0	1
input/resources/activitydefinition/IMMZ.DT.08.Measles.01.json	2946	6	0	0	0	0	0	0	0	20	0	0	0	0	0	0	0	0	0	0	24	52	0	0	0	0	0	0
input/resources/activitydefinition/IMMZ.DT.22.Varicella.03.json	1038	4	0	0	0	0	0	0	0	8	0	0	0	0	0	0	0	0	0	0	9	10	0	0	0	1	0	0
input/resources/activitydefinition/IMMZ.DT.07.Rotavirus.01.json	3087	5	1	0	0	0	0	0	0	20	0	0	0	0	0	0	0	0	0	0	25	14	0	0	0	0	0	0
input/resources/activitydefinition/IMMZ.DT.17.HepatitisA.02.json	1105	4	0	0	0	0	0	0	0	8	0	0	0	0	0	0	0	0	0	0	10	10	0	0	0	0	0	0
input/resources/activitydefinition/IMMZ.DT.21.SeasonalInfluenza.02.json	1116	4	0	0	0	0	0	0	1	7	0	0	0	0	0	0	0	0	0	0	9	10	0	0	0	0	0	0
input/resources/activitydefinition/IMMZ.DT.17.HepatitisA.04.json	1104	3	0	0	0	0	0	0	0	8	0	0	0	0	0	0	0	0	0	0	10	9	0	0	0	0	0	0
input/resources/activitydefinition/IMMZ.DT.22.Varicella.05.json	1038	4	0	0	0	0	0	0	0	7	0	0	0	0	0	0	0	0	0	0	9	10	0	0	0	0	0	0
input/resources/activitydefinition/IMMZ.DT.19.Dengue.01.json	1060	4	0	0	0	0	0	0	0	7	0	0	0	0	0	0	0	0	0	0	10	9	0	0	0	1	0	0
input/resources/activitydefinition/IMMZ.DT.09.Rubella.01.json	2527	6	0	0	0	0	0	0	0	16	0	0	0	0	0	0	0	0	0	0	20	13	0	1	0	0	0	0
input/resources/activitydefinition/IMMZ.DT.15.Cholera.08.json	1076	3	0	0	0	0	0	0	0	7	0	0	0	0	0	0	0	0	0	0	9	10	0	0	0	0	0	0
input/resources/activitydefinition/IMMZ.DT.06.Pneumococcal.01.json	3003	7	1	0	0	0	0	0	0	18	0	0	0	0	0	0	0	0	0	0	23	14	0	0	0	0	0	0
input/resources/activitydefinition/IMMZ.DT.16.Meningococcal.09.json	1117	3	0	0	0	0	0	0	0	7	0	0	0	0	0	0	0	0	0	0	10	9	0	0	0	0	0	0
input/resources/activitydefinition/IMMZ.DT.22.Varicella.04.json	1037	4	0	0	0	0	0	0	1	7	0	0	0	0	0	0	0	0	0	0	9	9	0	0	0	1	0	0
input/resources/activitydefinition/IMMZ.DT.19.Dengue.02.json	1059	3	0	0	0	0	0	0	0	7	0	0	0	0	0	0	0	0	0	0	10	10	0	0	0	0	0	0
input/resources/activitydefinition/IMMZ.DT.15.Cholera.02.json	1092	3	0	0	0	0	0	0	0	8	0	0	0	0	0	0	0	0	0	0	10	9	0	0	0	0	0	0
input/resources/activitydefinition/IMMZ.DT.16.Meningococcal.12.json	1119	4	0	0	0	0	0	0	0	7	0	0	0	0	0	0	0	0	0	0	9	10	0	0	0	0	0	0
input/resources/activitydefinition/IMMZ.DT.14.Typhoid.01.json	3049	7	0	0	0	0	0	0	0	18	0	0	0	0	0	0	0	0	0	0	23	13	0	0	0	0	0	0
input/resources/activitydefinition/IMMZ.DT.03.Polio.IPV.CR.json	2385	5	0	0	0	0	0	0	0	16	0	0	0	0	0	0	0	0	0	0	19	13	0	0	0	0	0	0
input/resources/activitydefinition/IMMZ.DT.16.Meningococcal.08.json	1125	4	0	0	0	0	0	0	0	7	0	0	0	0	0	0	0	0	0	0	10	9	0	0	0	1	0	0
input/resources/activitydefinition/IMMZ.DT.22.Varicella.06.json	1037	4	1	0	0	0	0	0	0	7	0	0	0	0	0	0	0	0	0	0	9	10	0	0	0	0	0	0
input/resources/activitydefinition/IMMZ.DT.16.Meningococcal.05.json	1107	4	0	0	0	0	0	0	0	7	0	0	0	0	0	0	0	0	0	0	10	10	0	0	0	0	0	0
input/resources/activitydefinition/IMMZ.DT.16.Meningococcal.06.json	1107	3	0	0	0	0	0	0	1	7	0	0	0	0	0	0	0	1	0	0	9	9	0	0	0	0	0	0
input/resources/activitydefinition/IMMZ.DT.22.Varicella.01.json	1075	3	0	0	0	0	0	0	0	8	0	0	0	0	0	0	0	0	0	0	9	16	0	0	0	0	0	0
input/resources/activitydefinition/IMMZ.DT.15.Cholera.09.json	1074	4	0	0	0	0	0	0	0	7	0	0	0	0	0	0	0	0	0	0	9	9	0	0	0	0	0	0
input/resources/activitydefinition/IMMZ.DT.04.DTP.01.json	3552	7	0	0	0	0	0	0	0	20	0	0	0	0	0	0	0	0	0	0	26	15	0	0	0	1	0	0
input/resources/activitydefinition/IMMZ.DT.10.HPV.01.json	3013	6	0	0	0	0	0	0	0	17	0	0	0	0	0	0	0	0	0	0	21	15	0	0	0	0	0	0
input/resources/activitydefinition/IMMZ.DT.16.Meningococcal.13.json	1138	4	0	0	0	0	0	0	0	8	0	0	0	0	0	0	0	0	0	0	9	10	0	0	0	0	0	0
input/resources/activitydefinition/IMMZ.DT.16.Meningococcal.02.json	1102	4	0	0	0	0	0	0	0	7	0	0	0	0	0	0	0	0	0	0	9	10	0	0	0	0	0	0
input/resources/activitydefinition/IMMZ.DT.18.Rabies.04.json	1062	3	0	0	0	0	0	0	0	7	0	0	0	0	0	0	0	0	0	0	9	10	0	0	0	0	0	0
input/resources/activitydefinition/IMMZ.DT.16.Meningococcal.07.json	1106	4	1	0	0	0	0	0	1	7	0	0	0	0	0	0	0	0	0	0	9	9	0	0	0	1	0	0
input/resources/activitydefinition/IMMZ.DT.15.Cholera.11.json	1090	4	0	0	0	0	0	0	0	7	0	0	0	0	0	0	0	0	0	0	9	10	0	0	0	0	0	0
input/resources/activitydefinition/IMMZ.DT.15.Cholera.05.json	1110	3	0	0	0	0	0	0	0	8	0	0	0	0	0	0	0	0	0	0	9	10	0	0	0	0	0	0
input/resources/activitydefinition/IMMZ.DT.03.Polio.bOPV.CR.json	2389	5	0	0	0	0	0	0	0	15	0	0	0	0	0	0	0	0	0	0	19	13	0	0	0	0	0	0
input/resources/activitydefinition/IMMZ.DT.16.Meningococcal.03.json	1103	4	0	0	0	0	0	0	0	7	0	0	0	0	0	0	0	0	0	0	9	10	0	0	0	0	0	0
input/resources/activitydefinition/IMMZ.DT.15.Cholera.06.json	1073	3	0	0	0	0	0	0	0	7	0	0	0	0	0	0	0	0	0	0	9	10	0	0	0	0	0	0
input/resources/activitydefinition/IMMZ.DT.21.SeasonalInfluenza.03.json	1117	4	0	0	0	0	0	0	0	7	0	0	0	0	0	0	0	0	0	0	9	10	0	0	0	0	0	0
input/resources/activitydefinition/IMMZ.DT.15.Cholera.03.json	1110	3	0	0	0	0	0	0	0	7	0	0	0	0	0	0	0	0	0	0	9	10	0	0	0	1	0	0
input/resources/activitydefinition/IMMZ.DT.03.Polio.bOPV.json	3453	7	0	0	0	0	0	0	1	20	0	0	0	0	0	0	0	0	0	0	25	15	0	0	0	0	0	0
input/resources/activitydefinition/IMMZ.DT.16.Meningococcal.04.json	1121	4	0	0	0	0	0	0	0	7	0	0	0	0	0	0	0	0	0	0	10	11	0	0	0	0	0	0
input/resources/activitydefinition/IMMZ.DT.15.Cholera.10.json	1073	4	1	0	0	0	0	0	0	7	0	0	0	0	0	0	0	0	0	0	9	9	0	0	0	0	0	0
input/resources/activitydefinition/IMMZ.DT.15.Cholera.01.json	1094	3	0	0	0	0	0	0	0	7	0	0	0	0	0	0	0	0	0	0	41	10	0	0	0	0	0	0
input/resources/activitydefinition/IMMZ.DT.16.Meningococcal.10.json	1139	4	0	0	0	0	0	0	0	7	0	0	0	0	0	0	0	0	0	0	10	10	0	0	0	0	0	0
input/resources/activitydefinition/IMMZ.DT.12.YellowFever.01.json	3095	7	0	0	0	0	0	0	0	18	0	0	0	0	0	0	0	0	0	0	23	15	0	0	0	1	0	2
input/resources/activitydefinition/IMMZ.DT.05.Hib.01.json	3031	6	0	0	0	0	0	0	0	18	0	0	0	0	0	0	0	0	0	0	23	15	0	0	0	0	0	0
input/resources/activitydefinition/IMMZ.DT.03.Polio.IPV.json	3444	7	0	0	0	0	0	0	1	20	0	0	0	0	0	0	0	0	1	0	26	15	0	0	0	0	0	0
input/resources/activitydefinition/IMMZ.DT.20.Mumps.01.json	1051	4	0	0	0	0	0	0	0	7	0	0	0	0	0	0	0	0	0	0	9	10	0	0	0	1	0	0
input/resources/activitydefinition/IMMZ.DT.01.BCG.CR.json	2364	5	0	0	0	0	0	0	0	15	0	0	0	0	0	0	0	0	0	0	19	13	0	0	0	0	0	0
input/resources/library/library-IMMZIND55.json	121586	20	0	0	0	0	0	0	0	21	0	0	0	0	0	0	0	0	0	0	284	27	0	0	0	11	0	0
input/resources/library/library-IMMZVaccineLibrary.json	50311	13	0	0	0	0	0	0	1	15	0	0	0	0	0	0	0	0	0	0	131	16	0	0	0	4	0	0
input/resources/library/library-IMMZDT08.json	380367	53	0	0	0	0	0	0	0	38	0	0	0	0	0	0	0	0	0	0	839	62	0	0	0	34	0	0
input/resources/library/library-IMMZDT19.json	277174	31	1	0	0	0	0	0	1	39	0	0	0	0	0	0	0	0	0	0	602	49	0	0	0	25	0	0
input/resources/library/library-IMMZIND48.json	88605	16	0	0	0	0	0	0	0	16	0	0	0	0	0	0	0	0	0	0	208	22	0	0	0	8	0	0
input/resources/library/library-FHIRHelpers.json	3721585	241	0	0	0	0	0	0	0	173	0	0	0	0	0	0	0	0	0	0	7795	509	0	0	0	265	0	0
input/resources/library/library-IMMZIND22.json	70647	16	0	0	0	0	0	0	0	29	0	0	0	0	0	0	0	0	0	0	162	20	0	0	0	6	0	0
input/resources/library/library-IMMZIND36.json	120143	20	0	0	0	0	0	0	1	20	0	0	0	0	0	0	0	0	0	0	274	26	0	0	0	11	0	0
input/resources/library/library-IMMZDT18.json	171140	22	0	0	0	0	0	0	0	53	0	0	0	0	0	0	0	0	0	1	374	33	0	0	0	15	0	0
input/resources/library/library-IMMZDT09.json	59372	15	0	0	0	0	0	0	0	16	0	0	0	0	0	0	0	0	0	0	138	17	0	0	0	5	0	0
input/resources/library/library-IMMZDT01.json	7111	6	0	0	0	0	0	0	1	2	0	0	0	0	0	0	0	0	0	0	32	6	0	0	0	1	0	0
input/resources/library/library-IMMZIND10.json	101710	18	0	0	0	0	0	0	0	27	0	0	0	0	0	0	0	0	0	0	227	22	0	0	0	9	0	0
input/resources/library/library-IMMZDT20.json	97542	16	0	0	0	0	0	0	0	20	0	0	0	0	0	0	0	1	0	0	216	21	0	0	0	8	0	0
input/resources/library/library-IMMZIND43.json	114888	19	0	0	0	0	0	0	1	25	0	0	0	0	0	0	0	0	0	0	259	24	0	0	0	11	0	0
input/resources/library/library-IMMZIND19.json	68213	15	0	0	0	0	0	0	0	15	0	0	0	0	0	0	0	0	0	0	162	18	0	0	0	5	0	0
input/resources/library/library-IMMZDT12.json	95623	17	0	0	0	0	0	0	0	37	0	0	0	0	0	0	0	0	0	0	221	22	0	0	0	9	0	0
input/resources/library/library-IMMZIND20.json	68641	14	0	0	0	0	0	0	1	31	0	0	0	0	0	0	0	0	0	0	164	17	0	0	0	6	0	0
input/resources/library/library-IMMZIND42.json	88239	17	0	0	0	0	0	0	0	39	0	0	0	0	0	0	0	0	0	0	205	22	0	0	0	7	0	0
input/resources/library/library-IMMZIND32.json	87551	16	1	0	0	0	0	0	0	31	0	0	0	0	0	0	0	0	0	0	201	20	0	0	0	8	0	0
input/resources/library/library-IMMZIND12.json	75433	16	0	0	0	0	0	0	1	24	0	0	0	0	0	0	0	0	0	0	176	19	0	0	0	6	0	0
input/resources/library/library-IMMZDT11.json	204903	24	0	0	0	0	0	0	0	54	0	0	0	0	0	0	0	0	0	0	455	35	0	0	0	18	0	0
input/resources/library/library-IMMZDT07.json	352773	34	0	0	0	0	0	0	0	36	0	0	0	0	0	0	0	0	0	0	771	54	0	0	0	32	0	0
input/resources/library/library-IMMZIND24.json	118374	19	0	0	0	0	0	0	1	20	0	0	0	0	0	0	0	0	0	0	265	26	0	0	0	11	0	0
input/resources/library/library-IMMZIND40.json	94201	17	0	0	0	0	0	0	0	17	0	0	0	0	0	0	0	0	0	0	216	21	0	0	0	9	0	0
input/resources/library/library-IMMZIND01.json	70922	15	0	0	0	0	0	0	0	13	0	0	0	0	0	0	0	0	0	0	164	18	0	0	0	6	0	0
input/resources/library/library-IMMZIND35.json	120634	20	0	0	0	0	0	0	1	26	0	0	0	0	0	0	0	0	0	0	269	24	0	0	0	11	0	0
input/resources/library/library-FHIRCommon.json	1683696	113	0	0	0	0	0	0	0	305	0	0	0	0	0	0	0	0	0	0	3555	215	0	0	0	151	0	0
input/resources/library/library-IMMZIND02.json	103964	17	0	0	0	0	0	0	0	22	0	0	0	0	0	0	0	0	0	0	259	23	0	0	0	10	0	0
input/resources/library/library-IMMZIND23.json	168741	20	0	0	0	0	0	0	1	20	0	0	0	0	0	0	0	0	0	0	364	30	0	0	0	16	0	0
input/resources/library/library-IMMZS01.json	42743	11	0	0	0	0	0	0	0	12	0	0	0	0	0	0	0	0	0	0	105	13	0	0	0	4	0	0
input/resources/library/library-IMMZDT21.json	157722	20	0	0	0	0	0	0	0	19	0	0	0	0	0	0	0	0	0	0	344	29	0	0	0	13	0	0
input/resources/library/library-IMMZDT22.json	114625	18	0	0	0	0	0	0	0	17	0	0	0	0	0	0	0	0	0	0	253	24	0	0	0	10	0	0
input/resources/library/library-IMMZIND08.json	102340	19	0	0	0	0	0	0	1	18	0	0	0	0	0	0	0	0	0	0	227	22	0	0	0	10	0	0
input/resources/library/library-IMMZIND37.json	113593	20	1	0	0	0	0	0	0	23	0	0	0	0	0	0	0	0	0	0	256	25	0	0	0	10	0	0
input/resources/library/library-IMMZIND05.json	104074	17	0	0	0	0	0	0	0	18	0	0	0	0	0	0	0	0	0	0	232	22	0	0	0	11	0	0
input/resources/library/library-IMMZIND21.json	94270	17	0	0	0	0	0	0	1	17	0	0	0	0	0	0	0	0	0	0	207	21	0	0	0	9	0	0
input/resources/library/library-IMMZIND49.json	114105	35	0	0	0	0	0	0	0	16	0	0	0	0	0	0	0	0	0	0	247	24	0	0	0	11	0	0
input/resources/library/library-IMMZIND51.json	268997	28	0	0	0	0	0	0	0	28	0	0	0	0	0	0	0	0	0	0	569	43	0	0	0	28	0	0
input/resources/library/library-IMMZDT14.json	510621	44	0	0	0	0	0	0	1	46	0	0	0	0	0	0	0	1	0	0	1096	124	0	0	0	45	0	1
input/resources/library/library-IMMZIND44.json	107862	18	0	0	0	0	0	0	0	19	1	0	0	0	0	0	0	0	0	0	243	25	0	0	0	11	0	0
input/resources/library/library-IMMZDT05.json	475043	42	0	0	0	0	0	0	0	40	0	0	0	0	0	0	0	0	0	0	1020	71	0	0	0	38	0	0
input/resources/library/library-IMMZIND47.json	87421	16	0	0	0	0	0	0	1	18	0	0	0	0	0	0	0	0	0	0	194	20	0	0	0	8	0	0
input/resources/library/library-IMMZDT04.json	548790	45	0	0	0	0	0	0	0	46	0	0	0	0	0	0	0	0	0	0	1171	80	0	0	0	48	0	0
input/resources/library/library-IMMZIND30.json	253008	29	0	0	0	0	0	0	0	31	0	0	0	0	0	0	0	0	0	0	528	41	0	0	0	25	0	0
input/resources/library/library-IMMZIND41.json	120482	18	0	0	0	0	0	0	1	20	0	0	0	0	0	0	0	0	0	0	264	26	0	0	0	11	0	0
input/resources/library/library-IMMZDT02.json	243243	31	0	0	0	0	0	0	0	31	0	0	0	0	0	0	0	0	0	0	519	41	0	0	0	23	0	0
input/resources/library/library-IMMZIND04.json	103733	18	0	0	0	0	0	0	1	18	0	0	0	0	0	0	0	0	0	0	227	22	0	0	0	10	0	0
input/resources/library/library-IMMZDT06.json	495790	46	1	0	0	0	0	0	0	52	0	0	0	0	0	0	0	0	0	0	1101	75	0	0	0	44	0	0
input/resources/library/library-IMMZIND16.json	94984	17	0	0	0	0	0	0	0	17	0	0	0	0	0	0	0	0	0	0	215	21	0	0	0	9	0	0
input/resources/library/library-IMMZDT16.json	2025589	153	0	0	0	0	0	0	1	160	0	0	0	0	0	0	0	0	0	0	4376	303	0	0	0	202	0	0
input/resources/library/library-IMMZDT13.json	753564	64	0	0	0	0	0	0	1	70	0	0	0	0	0	0	0	0	0	0	1639	110	0	0	0	60	0	0
input/resources/library/library-IMMZIND46.json	107616	18	0	0	0	0	0	0	0	21	0	0	0	0	0	0	0	0	0	0	245	23	0	0	0	10	0	0
input/resources/library/library-IMMZConcepts.json	156482	29	0	0	0	0	0	0	1	70	0	0	0	0	0	0	0	0	0	0	378	39	0	0	0	10	0	0
input/resources/library/library-IMMZCommonIzDataElements.json	120094	17	0	0	0	0	0	0	0	15	0	0	0	0	0	0	0	0	0	0	268	22	0	0	0	12	0	0
input/resources/library/library-IMMZIND09.json	101531	18	0	0	0	0	0	0	1	17	0	0	0	0	0	0	0	0	0	0	223	21	0	0	0	10	0	0
input/resources/library/library-IMMZConfig.json	95966	22	0	0	0	0	0	0	0	20	0	0	0	0	0	0	0	1	0	0	220	25	0	0	0	6	0	0
input/resources/library/library-IMMZIND03.json	77843	15	0	0	0	0	0	0	1	17	0	0	0	0	0	0	0	0	0	0	179	18	0	0	0	6	0	0
input/resources/library/library-IMMZIND06.json	76354	16	0	0	0	0	0	0	0	16	0	0	0	0	0	0	0	0	0	0	177	18	0	0	0	6	0	0
input/resources/library/library-IMMZIND18.json	94758	16	0	0	0	0	0	0	0	16	0	0	0	0	0	0	0	0	0	0	215	21	0	0	0	9	0	0
input/resources/library/library-IMMZIND54.json	95561	18	0	0	0	0	0	0	1	18	0	0	0	0	0	0	0	0	0	0	251	26	0	0	0	8	0	0
input/resources/library/library-IMMZDT15.json	761041	57	0	0	0	0	0	0	0	96	0	0	0	0	0	0	0	0	0	0	1632	109	0	0	0	63	0	0
input/resources/library/library-IMMZIND25.json	169784	21	1	0	0	0	0	0	0	23	0	0	0	0	0	0	0	0	0	0	379	30	0	0	0	15	0	0
input/resources/library/library-IMMZIND52.json	295091	30	0	0	0	0	0	0	0	33	0	0	0	0	0	0	0	0	0	0	651	45	0	0	0	29	0	0
input/resources/library/library-IMMZDT17.json	359287	38	0	0	0	0	0	0	1	40	0	0	0	0	0	0	0	0	0	0	801	93	0	0	0	32	0	0
input/resources/library/library-IMMZIND15.json	101822	17	0	0	0	0	0	0	0	16	0	0	0	0	0	0	0	0	0	0	234	22	0	0	0	9	0	0
input/resources/library/library-WHOCommon.json	684548	66	0	0	0	0	0	0	0	50	0	0	0	0	0	0	0	0	0	0	1475	88	0	0	0	55	0	0
input/resources/library/library-IMMZIND07.json	102336	17	0	0	0	0	0	0	1	17	0	0	0	0	0	0	0	0	0	0	238	23	0	0	0	9	0	0
input/resources/library/library-IMMZIND39.json	120725	18	0	0	0	0	0	0	0	18	0	0	0	0	0	0	0	0	0	0	274	24	0	0	0	11	0	0
input/resources/library/library-IMMZIND14.json	75746	16	0	0	0	0	0	0	0	13	0	0	0	0	0	0	0	0	0	0	179	18	0	0	0	6	0	0
input/resources/library/library-IMMZDT03.json	798658	64	0	0	0	0	0	0	1	65	0	0	0	0	0	0	0	0	0	0	1784	112	0	0	0	61	0	0
input/resources/library/library-IMMZDT10.json	614719	50	0	0	0	0	0	0	0	52	0	0	0	0	0	0	0	0	0	0	1376	84	0	0	0	51	0	0
input/resources/library/library-IMMZIND38.json	120506	20	0	0	0	0	0	0	0	18	0	0	0	0	0	0	0	0	0	0	276	24	0	0	0	11	0	0
input/resources/library/library-IMMZIND33.json	121980	19	0	0	0	0	0	0	0	17	0	0	0	0	0	0	0	0	0	0	283	24	0	0	0	10	0	0
input/resources/library/library-IMMZIndicatorCommon.json	2427446	182	0	0	0	0	0	0	2	188	0	0	0	0	0	0	0	0	0	0	5145	343	0	0	0	221	0	1
input/resources/library/library-IMMZIND34.json	121104	20	1	0	0	0	0	0	0	21	0	0	0	0	0	0	0	0	0	0	271	26	0	0	0	12	0	0
input/resources/library/library-IMMZIND53.json	94399	18	0	0	0	0	0	0	0	17	0	0	0	0	0	0	0	1	0	0	214	20	0	0	0	8	0	0
input/resources/library/library-WHOConcepts.json	23887	11	0	0	0	0	0	0	0	7	0	0	0	0	0	0	0	0	0	0	62	11	0	0	0	2	0	0
input/resources/library/library-IMMZIND13.json	101458	18	0	0	0	0	0	0	1	15	0	0	0	0	0	0	0	0	0	0	231	21	0	0	0	10	0	0
input/resources/library/library-IMMZIND45.json	107747	19	0	0	0	0	0	0	0	15	0	0	0	0	0	0	0	0	0	0	246	22	0	0	0	10	0	0
input/resources/library/library-IMMZIND17.json	94712	17	0	0	0	0	0	0	0	13	0	0	0	0	0	0	0	0	0	0	215	20	0	0	0	9	0	0
input/resources/library/library-IMMZIND11.json	102513	19	0	0	0	0	0	0	0	14	0	0	0	0	0	0	0	0	0	0	235	20	0	0	0	10	0	0
input/resources/library/library-IMMZIND50.json	274740	29	0	0	0	0	0	0	1	26	0	0	0	1	0	0	0	0	0	0	615	42	0	0	0	27	0	0
input/resources/library/library-IMMZCommon.json	3456925	284	0	0	0	0	0	0	2	338	0	0	0	0	0	0	0	0	0	0	7614	496	0	0	0	295	0	0
input/resources/measure/measure-IMMZIND20.json	10781	112	0	0	0	0	0	0	1	36	0	0	0	0	0	0	0	0	0	0	51	43	0	0	0	2	0	0
input/resources/measure/measure-IMMZIND34.json	16645	193	0	0	0	0	0	0	1	18	0	0	0	0	0	0	0	0	0	0	74	52	0	0	0	1	0	0
input/resources/measure/measure-IMMZIND25.json	11286	98	1	0	0	0	0	0	1	18	0	0	0	0	0	0	0	0	0	0	53	37	0	0	0	1	0	0
input/resources/measure/measure-IMMZIND05.json	13084	141	0	0	0	0	0	0	1	16	0	0	0	0	0	0	0	0	0	0	57	45	0	0	0	1	0	0
input/resources/measure/measure-IMMZIND35.json	16421	183	0	0	0	0	0	0	1	17	0	0	0	0	0	0	0	0	0	0	71	55	0	0	0	1	0	0
input/resources/measure/measure-IMMZIND09.json	14200	156	0	0	0	0	0	0	1	15	0	0	0	0	0	0	0	0	0	0	62	49	0	0	0	1	0	0
input/resources/measure/measure-IMMZIND30.json	15989	169	0	0	0	0	0	0	0	20	0	0	0	0	0	0	0	1	0	0	73	50	0	0	0	1	0	0
input/resources/measure/measure-IMMZIND15.json	15073	159	0	0	0	0	0	0	1	16	0	0	0	0	0	0	0	0	0	0	66	50	0	0	0	1	0	1
input/resources/measure/measure-IMMZIND43.json	17560	189	0	0	0	0	0	0	1	17	0	0	0	0	0	0	0	0	0	0	76	56	0	0	0	1	0	0
input/resources/measure/measure-IMMZIND22.json	13597	147	1	0	0	0	0	0	1	14	0	0	0	0	0	0	0	0	0	0	60	45	0	0	0	1	0	0
input/resources/measure/measure-IMMZIND47.json	13327	156	0	0	0	0	0	0	1	14	0	0	0	0	0	0	0	0	0	0	60	45	0	0	0	1	0	0
input/resources/measure/measure-IMMZIND18.json	11763	126	0	0	0	0	0	0	1	14	0	0	0	0	0	0	0	0	0	0	53	40	0	0	0	0	0	0
input/resources/measure/measure-IMMZIND01.json	10702	113	0	0	0	0	0	0	1	13	0	0	0	0	0	0	0	0	0	0	48	36	0	0	0	1	0	0
input/resources/measure/measure-IMMZIND45.json	14451	145	0	0	0	0	0	0	0	15	0	0	0	0	0	0	0	0	0	0	63	45	0	0	0	1	0	0
input/resources/measure/measure-IMMZIND13.json	13888	150	0	0	0	0	0	0	1	15	0	0	0	0	0	0	0	0	0	0	61	46	0	0	0	1	0	0
input/resources/measure/measure-IMMZIND51.json	14579	148	0	0	0	0	0	0	1	14	0	0	0	0	0	0	0	0	0	0	62	43	0	0	1	1	0	0
input/resources/measure/measure-IMMZIND32.json	13143	161	0	0	0	0	0	0	1	14	0	0	0	0	0	0	0	0	0	0	57	43	0	0	0	1	1	0
input/resources/measure/measure-IMMZIND54.json	16166	175	0	0	0	0	0	0	1	15	0	0	0	0	0	0	0	0	0	0	70	48	0	0	0	1	0	0
input/resources/measure/measure-IMMZIND11.json	14030	152	1	0	0	0	0	0	1	15	0	0	0	0	0	0	0	0	0	0	63	44	0	0	0	1	0	0
input/resources/measure/measure-IMMZIND52.json	13854	132	0	0	0	0	0	0	1	14	0	0	0	0	0	0	0	0	0	0	60	42	0	0	0	1	0	1
input/resources/measure/measure-IMMZIND38.json	16513	187	0	0	0	0	0	0	1	16	0	0	0	0	0	0	0	0	0	0	72	51	0	0	0	1	0	0
input/resources/measure/measure-IMMZIND19.json	10713	125	0	0	0	0	0	0	0	13	0	0	0	0	0	0	0	0	0	0	49	37	0	0	0	1	0	0
input/resources/measure/measure-IMMZIND40.json	15422	172	0	0	0	0	0	0	1	14	0	0	0	0	0	0	0	1	0	0	68	50	0	0	0	1	0	0
input/resources/measure/measure-IMMZIND55.json	16772	190	0	0	0	0	0	0	2	16	0	0	0	0	0	0	0	0	0	0	73	52	0	0	0	1	0	0
input/resources/measure/measure-IMMZIND39.json	16541	189	0	0	0	0	0	0	1	16	0	0	0	0	0	0	0	0	0	0	116	52	0	0	0	1	0	0
input/resources/measure/measure-IMMZIND49.json	12046	130	0	0	0	0	0	0	0	15	0	0	0	0	0	0	0	0	0	0	56	40	0	0	0	0	0	0
input/resources/measure/measure-IMMZIND33.json	16770	200	1	0	0	0	0	0	1	15	0	0	0	0	0	0	0	0	0	0	72	52	0	0	0	1	0	0
input/resources/measure/measure-IMMZIND17.json	10871	114	0	0	0	0	0	0	1	12	0	0	0	0	0	0	0	0	0	0	49	36	0	0	0	1	0	0
input/resources/measure/measure-IMMZIND03.json	10947	117	0	0	0	0	0	0	1	13	0	0	0	0	0	0	0	0	0	0	51	37	0	0	0	1	0	0
input/resources/measure/measure-IMMZIND50.json	13594	141	0	0	0	0	0	0	0	14	0	0	0	0	0	0	0	0	0	0	59	42	0	0	0	1	0	0
input/resources/measure/measure-IMMZIND53.json	13310	151	0	0	0	0	0	0	1	14	0	0	0	0	0	0	0	0	0	0	59	43	0	0	0	1	0	1
input/resources/measure/measure-IMMZIND16.json	11825	155	0	0	0	0	0	0	1	13	0	0	0	0	0	0	0	0	0	0	53	39	0	0	0	1	0	0
input/resources/measure/measure-IMMZIND37.json	16404	188	0	0	0	0	0	0	1	15	0	0	0	0	0	0	0	0	0	0	70	50	0	0	0	1	0	0
input/resources/measure/measure-IMMZIND04.json	11079	114	0	0	0	0	0	0	1	14	0	0	0	0	0	0	0	0	0	0	52	37	0	0	0	1	0	0
input/resources/measure/measure-IMMZIND46.json	14219	147	1	0	0	0	0	0	0	15	0	0	0	0	0	0	0	0	0	0	61	43	0	0	0	0	0	0
input/resources/measure/measure-IMMZIND12.json	12908	142	0	0	0	0	0	0	1	12	0	0	0	0	0	0	0	0	0	0	56	42	0	0	0	1	0	0
input/resources/measure/measure-IMMZIND44.json	14309	150	0	0	0	0	0	0	1	15	0	0	0	0	0	0	0	0	0	0	61	44	0	0	0	1	0	0
input/resources/measure/measure-IMMZIND10.json	13988	168	0	0	0	0	0	0	1	13	0	0	0	0	0	0	0	0	0	0	61	44	0	0	0	1	0	0
input/resources/measure/measure-IMMZIND42.json	13679	141	0	0	0	0	0	0	1	14	0	0	0	0	0	0	0	0	0	0	58	42	0	0	0	1	0	0
input/resources/measure/measure-IMMZIND36.json	16343	191	0	0	0	0	0	0	1	15	0	0	0	0	0	0	0	1	0	0	70	51	0	0	0	1	0	0
input/resources/measure/measure-IMMZIND41.json	16466	193	0	0	1	0	0	0	1	15	0	0	0	0	0	0	0	0	0	0	71	49	0	0	0	1	0	0
input/resources/measure/measure-IMMZIND07.json	13345	162	0	0	0	0	0	0	1	13	0	0	0	0	0	0	0	0	0	0	59	64	0	0	0	1	0	1
input/resources/measure/measure-IMMZIND14.json	13684	151	1	0	0	0	0	0	1	12	0	0	0	0	0	0	0	0	0	0	59	44	0	0	0	1	0	0
input/resources/measure/measure-IMMZIND08.json	13523	142	0	0	0	0	0	0	0	15	0	0	0	0	0	0	0	0	0	0	61	44	0	0	0	1	0	0
input/resources/measure/measure-IMMZIND02.json	11812	126	0	0	0	0	0	0	1	13	0	0	0	0	0	0	0	0	0	0	52	38	0	0	0	1	0	0
input/resources/measure/measure-IMMZIND23.json	11098	107	0	0	0	0	0	0	1	14	0	0	0	0	0	0	0	0	0	0	49	37	0	0	0	1	0	0
input/resources/measure/measure-IMMZIND21.json	11623	123	0	0	0	0	0	0	0	11	0	0	0	0	0	0	0	0	0	0	52	36	0	0	0	0	0	0
input/resources/measure/measure-IMMZIND06.json	13607	162	0	0	0	0	0	0	1	12	0	0	0	0	0	0	0	0	0	0	59	41	0	0	0	1	0	0
input/resources/measure/measure-IMMZIND24.json	12466	127	0	0	0	0	0	0	1	14	0	0	0	0	0	0	0	0	0	0	55	36	0	0	0	1	0	0
input/resources/measure/measure-IMMZIND48.json	13566	149	0	0	0	0	0	0	1	13	0	0	0	0	0	0	0	0	0	0	59	39	0	0	0	1	0	0
input/resources/plandefinition/IMMZ.DT.11.JE.json	934	4	1	0	0	0	0	0	0	7	0	0	0	0	0	0	0	0	0	0	9	8	0	0	0	0	0	0
input/resources/plandefinition/IMMZ.DT.13.TBE.json	949	3	0	0	0	0	0	0	0	8	0	0	0	0	0	0	0	0	0	0	10	9	0	0	0	1	0	0
input/resources/plandefinition/IMMZ.DT.14.Typhoid.json	874	4	0	0	0	0	0	0	0	8	0	0	0	0	0	0	0	0	0	0	9	9	0	0	0	0	0	0
input/resources/plandefinition/IMMZ.DT.22.Varicella.json	3389	6	0	0	0	0	0	0	0	16	0	0	0	0	0	0	0	0	0	0	22	13	0	0	0	0	0	0
input/resources/plandefinition/IMMZ.DT.01.BCG.json	1347	5	0	0	0	0	0	0	0	10	0	0	0	0	0	0	0	0	0	0	12	9	0	0	0	0	0	0
input/resources/plandefinition/IMMZ.DT.02.HepatitisB.json	1427	5	0	0	0	0	0	0	0	10	0	0	0	0	0	0	0	0	0	0	12	10	0	0	0	0	0	0
input/resources/plandefinition/IMMZ.DT.08.Measles.json	877	4	0	0	0	0	0	0	0	7	0	0	0	0	0	0	0	0	0	0	9	8	0	0	0	1	0	0
input/resources/plandefinition/IMMZ.DT.06.Pneumococcal.json	914	3	0	0	0	0	0	0	1	7	0	0	0	0	0	0	0	0	0	0	9	8	0	0	0	0	0	0
input/resources/plandefinition/IMMZ.DT.12.YellowFever.json	910	3	0	0	0	0	0	0	0	7	0	0	0	0	0	0	0	0	0	0	9	9	0	0	0	0	0	0
input/resources/plandefinition/IMMZ.DT.18.Rabies.json	3325	8	0	0	0	0	0	0	0	17	0	0	0	0	0	0	0	0	0	0	23	12	0	0	0	0	0	0
input/resources/plandefinition/IMMZ.DT.10.HPV.json	832	3	0	0	0	0	0	0	0	7	0	0	0	0	0	0	0	0	0	0	9	8	0	0	0	0	0	0
input/resources/plandefinition/IMMZ.DT.03.Polio.json	2398	8	0	0	0	0	0	0	0	16	0	0	0	0	0	0	0	0	0	0	17	11	0	0	0	1	0	0
input/resources/plandefinition/IMMZ.DT.21.SeasonalInfluenza.json	4019	8	1	0	0	0	0	0	0	17	0	0	0	0	0	0	0	0	0	0	26	12	0	0	0	0	0	0
input/resources/plandefinition/IMMZ.DT.07.Rotavirus.json	897	3	0	0	0	0	0	0	0	7	0	0	0	0	0	0	0	0	0	0	9	8	0	0	0	0	0	0
input/resources/plandefinition/IMMZ.DT.17.HepatitisA.json	6835	11	0	0	0	0	0	0	0	25	0	0	0	0	0	0	0	0	0	0	43	17	0	0	0	0	0	0
input/resources/plandefinition/IMMZ.DT.15.Cholera.json	20666	33	0	0	0	0	0	0	1	78	0	0	0	0	0	0	0	0	0	0	122	37	0	0	0	1	0	0
input/resources/plandefinition/IMMZ.DT.20.Mumps.json	2592	6	0	0	0	0	0	0	0	13	0	0	0	0	0	0	0	0	0	0	19	11	0	0	0	1	0	0
input/resources/plandefinition/IMMZ.DT.09.Rubella.json	980	3	0	0	0	0	0	0	1	7	0	0	0	0	0	0	0	0	0	0	10	8	0	0	0	0	0	0
input/resources/plandefinition/IMMZ.DT.19.Dengue.json	5646	10	0	0	0	0	0	0	0	23	0	0	0	0	0	0	0	1	0	0	37	16	0	0	0	0	0	0
input/resources/plandefinition/IMMZ.DT.05.Hib.json	839	3	0	0	0	0	0	0	0	8	0	0	0	0	0	0	0	0	0	0	8	9	0	0	0	0	0	0
input/resources/plandefinition/IMMZ.DT.16.Meningococcal.json	26646	38	0	0	0	0	0	0	1	86	0	0	0	0	0	0	0	0	0	0	153	44	0	0	0	1	0	1
input/resources/plandefinition/IMMZ.DT.04.DTP.json	803	4	0	0	0	0	0	0	0	7	0	0	0	0	0	0	0	0	0	0	8	8	0	0	0	1	0	0
input/vocabulary/codesystem/codesystem-extended-content-codes.json	3240	6	0	0	0	0	0	0	0	25	0	0	1	0	0	0	0	0	0	0	21	2199	0	0	0	0	0	0
input/extensions/structuredefinition-estimatedage.json	1603	68	1	0	0	0	0	175	0	198	0	0	0	0	0	0	0	0	0	0	44	591	0	0	0	2	0	0
input/extensions/structuredefinition-occupation.json	1669	67	0	0	0	0	0	178	0	212	0	0	0	0	0	0	0	0	0	0	61	301	0	0	0	2	0	0
input/extensions/structuredefinition-insurance.json	1440	70	0	0	0	0	0	182	0	175	0	0	0	0	0	0	0	0	0	0	44	232	0	0	0	3	0	0
input/extensions/structuredefinition-consenttocontact.json	1510	68	0	0	0	0	0	206	0	177	0	0	0	0	0	0	0	0	0	0	44	223	0	0	0	1	0	0
input/extensions/structuredefinition-educationlevel.json	1761	85	0	0	0	0	0	183	0	178	0	0	0	0	0	0	0	0	0	0	46	204	0	0	0	1	0	0
input/extensions/structuredefinition-method.json	1442	71	0	0	0	0	0	183	0	170	0	0	0	0	0	0	0	0	0	0	45	191	0	0	0	1	0	0
input/extensions/structuredefinition-reminder.json	1574	71	0	0	0	0	0	183	0	166	0	0	0	0	0	0	0	0	0	0	45	185	0	0	0	2	0	0
input/extensions/structuredefinition-requestertype.json	1593	68	0	0	0	0	0	184	0	169	0	0	0	0	0	0	0	0	0	0	44	187	0	0	0	1	0	0
input/extensions/structuredefinition-stage.json	2145	65	0	0	0	0	0	178	0	202	0	0	0	0	0	0	0	1	0	0	62	200	0	0	0	1	0	0
fsh-generated/resources/ValueSet-ARVDrugs-values.json	745	2	0	0	0	0	0	0	1	183	0	0	0	0	0	0	0	0	0	0	6	7588	0	0	0	1	0	0
fsh-generated/resources/ValueSet-WCrBSClassCholeraVaccine-values.json	706	2	1	0	0	0	0	0	0	61	0	0	0	0	0	0	0	0	0	0	6	113	0	0	0	0	0	0
fsh-generated/resources/ValueSet-PositiveTestResult-values.json	620	2	0	0	0	0	0	0	0	61	0	0	0	0	0	0	0	0	0	0	6	97	0	0	0	0	0	0
fsh-generated/resources/ValueSet-SickleCell-values.json	597	2	0	0	0	0	0	0	0	55	0	0	0	0	0	0	0	0	0	0	5	85	0	0	0	0	0	0
fsh-generated/resources/ValueSet-EncepurClassTBEVaccine-values.json	873	2	0	0	0	0	0	0	0	47	0	0	0	0	0	0	0	0	0	0	6	84	0	0	0	0	0	0
fsh-generated/resources/ValueSet-Seronegative-values.json	590	3	0	0	0	0	0	0	0	50	0	0	0	0	0	0	0	0	0	0	6	88	0	0	0	1	0	0
fsh-generated/resources/ValueSet-CD4CountTestResult-values.json	868	2	0	0	0	0	0	0	0	218	0	0	0	0	0	0	0	0	0	0	6	265	0	0	0	0	0	0
fsh-generated/resources/ValueSet-MenAconjugatevaccine-values.json	1134	2	0	0	0	0	0	0	0	200	0	0	0	0	0	0	0	0	0	0	8	401	0	0	0	0	0	0
fsh-generated/resources/ValueSet-CD4percentageTest-values.json	942	3	0	0	0	0	0	0	0	88	0	0	0	0	0	0	0	0	0	0	7	74	0	0	0	0	0	0
fsh-generated/resources/ValueSet-Quadrivalentconjugate-values.json	2345	3	0	0	0	0	0	0	0	218	0	0	0	0	0	0	0	0	0	0	13	436	0	0	0	1	0	0
fsh-generated/resources/ValueSet-MonovalentMenCconjugate-values.json	1413	3	0	0	0	0	0	0	0	175	0	0	0	0	0	0	0	0	0	0	9	426	0	0	0	0	0	0
fsh-generated/resources/ValueSet-TCVClassTyphoidVaccine-values.json	650	2	1	0	0	0	0	0	0	44	0	0	0	0	0	0	0	0	0	0	5	78	0	0	0	0	0	0
fsh-generated/resources/ValueSet-HIVstatus-values.json	1029	2	0	0	0	0	0	0	0	206	0	0	0	0	0	0	0	0	0	0	7	294	0	0	0	0	0	0
fsh-generated/resources/ValueSet-Negativetestresult-values.json	614	3	0	0	0	0	0	0	0	62	0	0	0	0	0	0	0	0	0	0	6	94	0	0	0	0	0	0
fsh-generated/resources/ValueSet-Birthweight-values.json	860	2	0	0	0	0	0	0	0	96	0	0	0	0	0	0	0	0	0	0	6	90	0	0	0	1	0	0
fsh-generated/resources/ValueSet-TSTTestResult-values.json	617	2	0	0	0	0	0	0	0	68	0	0	0	0	0	0	0	0	0	0	6	84	0	0	0	0	0	0
fsh-generated/resources/ValueSet-Ty21aClassTyphoidVaccine-values.json	931	2	0	0	0	0	0	0	0	252	0	0	0	0	0	0	0	0	0	0	7	300	0	0	0	0	0	0
fsh-generated/resources/ValueSet-FSMEImmunClassTBEVaccine-values.json	885	2	0	0	0	0	0	0	1	4	0	0	0	0	0	0	0	0	0	0	6	44	0	0	0	0	0	0
fsh-generated/resources/ValueSet-TBEMoscowClassTBEVaccine-values.json	885	2	0	0	0	0	0	0	0	4	0	0	0	0	0	0	0	0	0	0	7	42	0	0	0	0	0	0
fsh-generated/resources/ValueSet-EnceVirClassTBEVaccine-values.json	873	3	0	0	0	0	0	0	0	4	0	0	0	0	0	0	0	0	0	0	6	34	0	0	0	1	0	0
fsh-generated/resources/ValueSet-Preterm-values.json	1005	2	0	0	0	0	0	0	0	101	0	0	0	0	0	0	0	0	0	0	8	111	0	0	0	0	0	0
fsh-generated/resources/ValueSet-InactivatedJE-values.json	766	2	1	0	0	0	0	0	0	354	0	0	0	0	0	0	0	0	0	0	5	77	0	0	0	0	0	0
fsh-generated/resources/ValueSet-WCClassCholeraVaccine-values.json	689	2	0	0	0	0	0	0	0	4	0	0	0	0	0	0	0	0	0	0	6	43	0	1	0	0	0	0
fsh-generated/resources/ValueSet-Immunocompromised-values.json	720	3	0	0	0	0	0	0	0	48	0	0	0	0	0	0	0	0	0	0	7	105	0	0	0	0	0	0
fsh-generated/resources/ValueSet-Intussusception-values.json	827	2	0	0	0	0	0	0	0	240	0	0	0	0	0	0	0	0	0	0	6	302	0	0	0	1	0	0
fsh-generated/resources/ValueSet-IGRATestResult-values.json	752	2	0	0	0	0	0	0	0	143	0	0	0	0	0	0	0	0	0	0	6	120	0	0	0	0	0	0
fsh-generated/resources/ValueSet-ViPSClassTyphoidVaccine-values.json	958	2	0	0	0	0	0	0	0	51	0	0	0	0	0	0	0	0	0	0	8	340	0	0	0	0	0	0
fsh-generated/resources/ValueSet-VNAlevelsRabies-values.json	1729	3	0	0	0	0	0	0	0	144	0	0	0	0	0	0	0	0	0	0	11	91	0	0	0	0	0	0
